INSERT INTO fitlifehub.administrator ( `Admin_Id`, `SSN`, `PhoneNo`, `DOB`, `EmailId`, `Name`, `Address` ) VALUES ( 365, '140-61-5848', '308-845-2517', '1986-07-21', 'xufh.vuho@gmail.com', 'Patrice Mayer', '42 West Rocky Hague Boulevard' );
INSERT INTO fitlifehub.administrator ( `Admin_Id`, `SSN`, `PhoneNo`, `DOB`, `EmailId`, `Name`, `Address` ) VALUES ( 120, '138-50-6840', '329-637-1526', '1978-02-13', 'pskm@gmail.com', 'Oliver Horne', '41 North Green Oak Freeway' );
INSERT INTO fitlifehub.administrator ( `Admin_Id`, `SSN`, `PhoneNo`, `DOB`, `EmailId`, `Name`, `Address` ) VALUES ( 318, '806-15-2206', '660-705-7187', '1953-07-20', 'wdnl@gmail.com', 'Harry Arellano', '36 West Rocky Hague Avenue' );
INSERT INTO fitlifehub.administrator ( `Admin_Id`, `SSN`, `PhoneNo`, `DOB`, `EmailId`, `Name`, `Address` ) VALUES ( 275, '441-28-9532', '701-353-3725', '1990-04-06', 'pazii8@gmail.com', 'Stacie Noble', '16 West White Milton Road' );
INSERT INTO fitlifehub.administrator ( `Admin_Id`, `SSN`, `PhoneNo`, `DOB`, `EmailId`, `Name`, `Address` ) VALUES ( 298, '129-92-8302', '854-774-2282', '1953-05-10', 'cmrui34@gmail.com', 'Eugene Chan', '325 East Green Second St.' );
INSERT INTO fitlifehub.administrator ( `Admin_Id`, `SSN`, `PhoneNo`, `DOB`, `EmailId`, `Name`, `Address` ) VALUES ( 166, '633-11-4032', '368-277-6644', '1979-02-04', 'kicqtx6@gmail.com', 'Joel Stephens', '273 North Green Milton Way' );
INSERT INTO fitlifehub.administrator ( `Admin_Id`, `SSN`, `PhoneNo`, `DOB`, `EmailId`, `Name`, `Address` ) VALUES ( 192, '715-34-2687', '596-590-8479', '1988-05-29', 'monlt963@gmail.com', 'George Barrera', '581 North White Nobel Drive' );
INSERT INTO fitlifehub.administrator ( `Admin_Id`, `SSN`, `PhoneNo`, `DOB`, `EmailId`, `Name`, `Address` ) VALUES ( 492, '143-38-7401', '884-908-8137', '1978-10-04', 'rcff@gmail.com', 'Lesley Santana', '62 East White Nobel St.' );
INSERT INTO fitlifehub.administrator ( `Admin_Id`, `SSN`, `PhoneNo`, `DOB`, `EmailId`, `Name`, `Address` ) VALUES ( 439, '595-62-5352', '459-893-7727', '1961-05-14', 'ucyp@gmail.com', 'Don Berger', '564 West Green Oak Road' );
INSERT INTO fitlifehub.administrator ( `Admin_Id`, `SSN`, `PhoneNo`, `DOB`, `EmailId`, `Name`, `Address` ) VALUES ( 470, '363-35-0756', '601-244-5989', '1992-08-13', 'lhynil.ekdhngu@gmail.com', 'Dallas Wong', '40 East Green Milton Road' );
INSERT INTO fitlifehub.medical_counselling ( `Counsellor_Id`, `SSN`, `Phone_Number`, `Name`, `EmailId` ) VALUES ( 1569741369, '140-61-5848', '308-845-2517', 'Stephen Cisneros', 'xufh.vuho@gmail.com' );
INSERT INTO fitlifehub.medical_counselling ( `Counsellor_Id`, `SSN`, `Phone_Number`, `Name`, `EmailId` ) VALUES ( 516548019, '138-50-6840', '329-637-1526', 'Abraham Blackburn', 'pskm@gmail.com' );
INSERT INTO fitlifehub.medical_counselling ( `Counsellor_Id`, `SSN`, `Phone_Number`, `Name`, `EmailId` ) VALUES ( 1368843497, '806-15-2206', '660-705-7187', 'Charlotte Byrd', 'wdnl@gmail.com' );
INSERT INTO fitlifehub.medical_counselling ( `Counsellor_Id`, `SSN`, `Phone_Number`, `Name`, `EmailId` ) VALUES ( 1182054467, '441-28-9532', '701-353-3725', 'Lynn Miles', 'pazii8@gmail.com' );
INSERT INTO fitlifehub.medical_counselling ( `Counsellor_Id`, `SSN`, `Phone_Number`, `Name`, `EmailId` ) VALUES ( 1283218712, '129-92-8302', '854-774-2282', 'Erich Ingram', 'cmrui34@gmail.com' );
INSERT INTO fitlifehub.medical_counselling ( `Counsellor_Id`, `SSN`, `Phone_Number`, `Name`, `EmailId` ) VALUES ( 715581063, '633-11-4032', '368-277-6644', 'Dominick Neal', 'kicqtx6@gmail.com' );
INSERT INTO fitlifehub.medical_counselling ( `Counsellor_Id`, `SSN`, `Phone_Number`, `Name`, `EmailId` ) VALUES ( 827187475, '715-34-2687', '596-590-8479', 'Cherie White', 'monlt963@gmail.com' );
INSERT INTO fitlifehub.medical_counselling ( `Counsellor_Id`, `SSN`, `Phone_Number`, `Name`, `EmailId` ) VALUES ( 2114931102, '143-38-7401', '884-908-8137', 'Ebony Daniels', 'rcff@gmail.com' );
INSERT INTO fitlifehub.medical_counselling ( `Counsellor_Id`, `SSN`, `Phone_Number`, `Name`, `EmailId` ) VALUES ( 1888030079, '595-62-5352', '459-893-7727', 'Arthur Barrera', 'ucyp@gmail.com' );
INSERT INTO fitlifehub.medical_counselling ( `Counsellor_Id`, `SSN`, `Phone_Number`, `Name`, `EmailId` ) VALUES ( 2021317220, '363-35-0756', '601-244-5989', 'Debra Middleton', 'lhynil.ekdhngu@gmail.com' );
INSERT INTO fitlifehub.`user` ( `User_Id`, `User_Name`, `User_DOB`, `User_phoneNo`, `User_mailId`, `User_Password`, `User_LoginId`, `BMI` ) VALUES ( 0, 'Abel', '2014-08-16', '575-831-1865', 'Anne has free time. John bought new car. Tony bought new car. Anne has free time. John is walking. ', 'Anne bought new car. Tony is walking. John bought new car. John has free time. ', 'Anne bought new car. Tony is shopping. John is shopping. John is walking. Anne bought new car. ', 34.61398 );
INSERT INTO fitlifehub.`user` ( `User_Id`, `User_Name`, `User_DOB`, `User_phoneNo`, `User_mailId`, `User_Password`, `User_LoginId`, `BMI` ) VALUES ( 1, 'Erick5', '2005-11-13', '014-474-8711', 'Anne bought new car. Anne is shopping. Tony has free time. John has free time. ', 'Anne is walking. Tony is walking. Anne has free time. Anne has free time. John bought new car. ', 'Tony is shopping. Anne is shopping. John has free time. Tony bought new car. John has free time. ', 34.98339 );
INSERT INTO fitlifehub.`user` ( `User_Id`, `User_Name`, `User_DOB`, `User_phoneNo`, `User_mailId`, `User_Password`, `User_LoginId`, `BMI` ) VALUES ( 2, 'Janice11', '2018-01-11', '353-114-4212', 'John has free time. Anne is walking. John bought new car. Tony is walking. ', 'Anne has free time. Tony has free time. John bought new car. Anne has free time. John has free time. ', 'John bought new car. Anne bought new car. John is shopping. John bought new car. Tony is shopping. ', 26.966194 );
INSERT INTO fitlifehub.`user` ( `User_Id`, `User_Name`, `User_DOB`, `User_phoneNo`, `User_mailId`, `User_Password`, `User_LoginId`, `BMI` ) VALUES ( 3, 'Gretchen2', '2000-01-31', '243-556-3888', 'Anne is walking. John bought new car. John has free time. John is shopping. Tony is walking. ', 'Tony bought new car. Tony has free time. Tony has free time. John has free time. Tony has free time. ', 'Anne has free time. Anne bought new car. Tony is walking. John is shopping. John has free time. ', 37.94554 );
INSERT INTO fitlifehub.`user` ( `User_Id`, `User_Name`, `User_DOB`, `User_phoneNo`, `User_mailId`, `User_Password`, `User_LoginId`, `BMI` ) VALUES ( 4, 'Lawanda', '2009-12-08', '817-220-5362', 'John has free time. Anne bought new car. John is walking. ', 'Tony is walking. John is walking. ', 'John has free time. Anne has free time. Tony has free time. John bought new car. ', 34.163544 );
INSERT INTO fitlifehub.`user` ( `User_Id`, `User_Name`, `User_DOB`, `User_phoneNo`, `User_mailId`, `User_Password`, `User_LoginId`, `BMI` ) VALUES ( 5, 'Robbie7', '2017-02-03', '221-391-6541', 'Anne is walking. John has free time. Anne bought new car. John is shopping. ', 'Tony has free time. John is shopping. ', 'Tony bought new car. Anne is walking. John is walking. ', 27.038296 );
INSERT INTO fitlifehub.`user` ( `User_Id`, `User_Name`, `User_DOB`, `User_phoneNo`, `User_mailId`, `User_Password`, `User_LoginId`, `BMI` ) VALUES ( 6, 'Carla401', '2019-09-19', '303-938-7141', 'Anne bought new car. Anne is shopping. Tony is walking. John is shopping. John has free time. ', 'John bought new car. John bought new car. John bought new car. Tony has free time. John has free time. ', 'John has free time. Tony has free time. John has free time. Tony has free time. Anne has free time. ', 22.41472 );
INSERT INTO fitlifehub.`user` ( `User_Id`, `User_Name`, `User_DOB`, `User_phoneNo`, `User_mailId`, `User_Password`, `User_LoginId`, `BMI` ) VALUES ( 7, 'Heath', '2000-08-31', '746-761-7723', 'Anne is shopping. Anne is walking. John has free time. John bought new car. John has free time. ', 'John bought new car. John is walking. Tony bought new car. ', 'Anne is walking. Anne is walking. Tony is walking. John has free time. Anne has free time. ', 36.99826 );
INSERT INTO fitlifehub.`user` ( `User_Id`, `User_Name`, `User_DOB`, `User_phoneNo`, `User_mailId`, `User_Password`, `User_LoginId`, `BMI` ) VALUES ( 8, 'Kendra278', '2017-02-21', '387-172-3341', 'Anne bought new car. Anne bought new car. ', 'John bought new car. Anne bought new car. Tony bought new car. Tony has free time. ', 'John has free time. Anne has free time. John is shopping. John has free time. Tony bought new car. ', 21.664394 );
INSERT INTO fitlifehub.`user` ( `User_Id`, `User_Name`, `User_DOB`, `User_phoneNo`, `User_mailId`, `User_Password`, `User_LoginId`, `BMI` ) VALUES ( 9, 'Brandie6', '2018-06-18', '556-421-4671', 'Anne has free time. Anne bought new car. John bought new car. John has free time. ', 'Anne is shopping. Anne is walking. Anne bought new car. ', 'John bought new car. Tony bought new car. Tony is shopping. Anne is shopping. Tony bought new car. ', 38.574963 );
INSERT INTO fitlifehub.fitness_coach ( `Admin_Id`, `SSN`, `PhoneNo`, `DOB`, `EmailId`, `Name`, `Address` ) VALUES ( 383, '139-08-1041', '308-845-2517', '1992-08-30', 'xufh.vuho@gmail.com', 'Patrice Mayer', '42 West Rocky Hague Boulevard' );
INSERT INTO fitlifehub.fitness_coach ( `Admin_Id`, `SSN`, `PhoneNo`, `DOB`, `EmailId`, `Name`, `Address` ) VALUES ( 426, '186-37-6538', '329-637-1526', '1987-06-09', 'pskm@gmail.com', 'Oliver Horne', '41 North Green Oak Freeway' );
INSERT INTO fitlifehub.fitness_coach ( `Admin_Id`, `SSN`, `PhoneNo`, `DOB`, `EmailId`, `Name`, `Address` ) VALUES ( 64, '527-74-1647', '660-705-7187', '1972-03-14', 'wdnl@gmail.com', 'Harry Arellano', '36 West Rocky Hague Avenue' );
INSERT INTO fitlifehub.fitness_coach ( `Admin_Id`, `SSN`, `PhoneNo`, `DOB`, `EmailId`, `Name`, `Address` ) VALUES ( 312, '786-46-3356', '701-353-3725', '1994-12-18', 'pazii8@gmail.com', 'Stacie Noble', '16 West White Milton Road' );
INSERT INTO fitlifehub.fitness_coach ( `Admin_Id`, `SSN`, `PhoneNo`, `DOB`, `EmailId`, `Name`, `Address` ) VALUES ( 350, '668-12-8727', '854-774-2282', '1972-01-30', 'cmrui34@gmail.com', 'Eugene Chan', '325 East Green Second St.' );
INSERT INTO fitlifehub.fitness_coach ( `Admin_Id`, `SSN`, `PhoneNo`, `DOB`, `EmailId`, `Name`, `Address` ) VALUES ( 108, '441-28-9532', '368-277-6644', '1988-01-15', 'kicqtx6@gmail.com', 'Joel Stephens', '273 North Green Milton Way' );
INSERT INTO fitlifehub.fitness_coach ( `Admin_Id`, `SSN`, `PhoneNo`, `DOB`, `EmailId`, `Name`, `Address` ) VALUES ( 265, '987-43-1525', '596-590-8479', '1993-10-24', 'monlt963@gmail.com', 'George Barrera', '581 North White Nobel Drive' );
INSERT INTO fitlifehub.fitness_coach ( `Admin_Id`, `SSN`, `PhoneNo`, `DOB`, `EmailId`, `Name`, `Address` ) VALUES ( 2, '607-50-4844', '884-908-8137', '1987-10-31', 'rcff@gmail.com', 'Lesley Santana', '62 East White Nobel St.' );
INSERT INTO fitlifehub.fitness_coach ( `Admin_Id`, `SSN`, `PhoneNo`, `DOB`, `EmailId`, `Name`, `Address` ) VALUES ( 306, '711-23-6866', '459-893-7727', '1977-01-18', 'ucyp@gmail.com', 'Don Berger', '564 West Green Oak Road' );
INSERT INTO fitlifehub.fitness_coach ( `Admin_Id`, `SSN`, `PhoneNo`, `DOB`, `EmailId`, `Name`, `Address` ) VALUES ( 402, '175-83-4242', '601-244-5989', '1996-06-03', 'lhynil.ekdhngu@gmail.com', 'Dallas Wong', '40 East Green Milton Road' );
INSERT INTO fitlifehub.medical_fitness ( `Counsellor_Id`, `C_SSN`, `Admin_Id`, `A_SSN` ) VALUES ( 1656381981, '139-08-1041', 383, '139-08-1041' );
INSERT INTO fitlifehub.medical_fitness ( `Counsellor_Id`, `C_SSN`, `Admin_Id`, `A_SSN` ) VALUES ( 1834997217, '186-37-6538', 89, '643-07-8777' );
INSERT INTO fitlifehub.medical_fitness ( `Counsellor_Id`, `C_SSN`, `Admin_Id`, `A_SSN` ) VALUES ( 276804523, '527-74-1647', 454, '143-38-7401' );
INSERT INTO fitlifehub.medical_fitness ( `Counsellor_Id`, `C_SSN`, `Admin_Id`, `A_SSN` ) VALUES ( 1342491592, '786-46-3356', 365, '737-08-2186' );
INSERT INTO fitlifehub.medical_fitness ( `Counsellor_Id`, `C_SSN`, `Admin_Id`, `A_SSN` ) VALUES ( 1505469655, '668-12-8727', 243, '143-38-7401' );
INSERT INTO fitlifehub.medical_fitness ( `Counsellor_Id`, `C_SSN`, `Admin_Id`, `A_SSN` ) VALUES ( 467228902, '441-28-9532', 432, '416-74-2589' );
INSERT INTO fitlifehub.medical_fitness ( `Counsellor_Id`, `C_SSN`, `Admin_Id`, `A_SSN` ) VALUES ( 1131078422, '987-43-1525', 495, '367-08-5706' );
INSERT INTO fitlifehub.medical_fitness ( `Counsellor_Id`, `C_SSN`, `Admin_Id`, `A_SSN` ) VALUES ( 20773677, '607-50-4844', 275, '167-71-2405' );
INSERT INTO fitlifehub.medical_fitness ( `Counsellor_Id`, `C_SSN`, `Admin_Id`, `A_SSN` ) VALUES ( 1315507904, '711-23-6866', 432, '759-37-6280' );
INSERT INTO fitlifehub.medical_fitness ( `Counsellor_Id`, `C_SSN`, `Admin_Id`, `A_SSN` ) VALUES ( 1755132095, '175-83-4242', 481, '478-81-7365' );
INSERT INTO fitlifehub.user_admin ( `User_Id`, `Admin_Id`, `SSN` ) VALUES ( 80, 383, '139-08-1041' );
INSERT INTO fitlifehub.user_admin ( `User_Id`, `Admin_Id`, `SSN` ) VALUES ( 91, 1, '857-40-5413' );
INSERT INTO fitlifehub.user_admin ( `User_Id`, `Admin_Id`, `SSN` ) VALUES ( 25, 176, '533-45-4825' );
INSERT INTO fitlifehub.user_admin ( `User_Id`, `Admin_Id`, `SSN` ) VALUES ( 66, 176, '140-61-5848' );
INSERT INTO fitlifehub.user_admin ( `User_Id`, `Admin_Id`, `SSN` ) VALUES ( 69, 41, '630-95-2428' );
INSERT INTO fitlifehub.user_admin ( `User_Id`, `Admin_Id`, `SSN` ) VALUES ( 33, 275, '451-29-6791' );
INSERT INTO fitlifehub.user_admin ( `User_Id`, `Admin_Id`, `SSN` ) VALUES ( 60, 127, '745-31-3462' );
INSERT INTO fitlifehub.user_admin ( `User_Id`, `Admin_Id`, `SSN` ) VALUES ( 11, 356, '441-28-9532' );
INSERT INTO fitlifehub.user_admin ( `User_Id`, `Admin_Id`, `SSN` ) VALUES ( 65, 489, '451-29-6791' );
INSERT INTO fitlifehub.user_admin ( `User_Id`, `Admin_Id`, `SSN` ) VALUES ( 85, 372, '168-00-2930' );
INSERT INTO fitlifehub.system_admin ( `Admin_Id`, `SSN`, `PhoneNo`, `DOB`, `EmailId`, `Name`, `Address` ) VALUES ( 383, '139-08-1041', '308-845-2517', '2014-08-15', 'xufh.vuho@gmail.com', 'Patrice Mayer', '42 West Rocky Hague Boulevard' );
INSERT INTO fitlifehub.system_admin ( `Admin_Id`, `SSN`, `PhoneNo`, `DOB`, `EmailId`, `Name`, `Address` ) VALUES ( 426, '186-37-6538', '329-637-1526', '2011-04-01', 'pskm@gmail.com', 'Oliver Horne', '41 North Green Oak Freeway' );
INSERT INTO fitlifehub.system_admin ( `Admin_Id`, `SSN`, `PhoneNo`, `DOB`, `EmailId`, `Name`, `Address` ) VALUES ( 64, '527-74-1647', '660-705-7187', '2001-06-02', 'wdnl@gmail.com', 'Harry Arellano', '36 West Rocky Hague Avenue' );
INSERT INTO fitlifehub.system_admin ( `Admin_Id`, `SSN`, `PhoneNo`, `DOB`, `EmailId`, `Name`, `Address` ) VALUES ( 312, '786-46-3356', '701-353-3725', '2016-02-08', 'pazii8@gmail.com', 'Stacie Noble', '16 West White Milton Road' );
INSERT INTO fitlifehub.system_admin ( `Admin_Id`, `SSN`, `PhoneNo`, `DOB`, `EmailId`, `Name`, `Address` ) VALUES ( 350, '668-12-8727', '854-774-2282', '2001-05-05', 'cmrui34@gmail.com', 'Eugene Chan', '325 East Green Second St.' );
INSERT INTO fitlifehub.system_admin ( `Admin_Id`, `SSN`, `PhoneNo`, `DOB`, `EmailId`, `Name`, `Address` ) VALUES ( 108, '441-28-9532', '368-277-6644', '2011-08-21', 'kicqtx6@gmail.com', 'Joel Stephens', '273 North Green Milton Way' );
INSERT INTO fitlifehub.system_admin ( `Admin_Id`, `SSN`, `PhoneNo`, `DOB`, `EmailId`, `Name`, `Address` ) VALUES ( 265, '987-43-1525', '596-590-8479', '2015-05-13', 'monlt963@gmail.com', 'George Barrera', '581 North White Nobel Drive' );
INSERT INTO fitlifehub.system_admin ( `Admin_Id`, `SSN`, `PhoneNo`, `DOB`, `EmailId`, `Name`, `Address` ) VALUES ( 2, '607-50-4844', '884-908-8137', '2011-07-03', 'rcff@gmail.com', 'Lesley Santana', '62 East White Nobel St.' );
INSERT INTO fitlifehub.system_admin ( `Admin_Id`, `SSN`, `PhoneNo`, `DOB`, `EmailId`, `Name`, `Address` ) VALUES ( 306, '711-23-6866', '459-893-7727', '2004-07-18', 'ucyp@gmail.com', 'Don Berger', '564 West Green Oak Road' );
INSERT INTO fitlifehub.system_admin ( `Admin_Id`, `SSN`, `PhoneNo`, `DOB`, `EmailId`, `Name`, `Address` ) VALUES ( 402, '175-83-4242', '601-244-5989', '2017-01-17', 'lhynil.ekdhngu@gmail.com', 'Dallas Wong', '40 East Green Milton Road' );
INSERT INTO fitlifehub.activity_tracker ( `Activity_id`, `Activity_type`, `Calories_burnt`, `Hours`, `Step_counts`, `Distance_covered`, `date`, `Admin_Id`, `User_Id` ) VALUES ( 0, 'dkbq@gmail.com', 731, 2, 36530, 73.05199, '2016-10-22', 383, 80 );
INSERT INTO fitlifehub.activity_tracker ( `Activity_id`, `Activity_type`, `Calories_burnt`, `Hours`, `Step_counts`, `Distance_covered`, `date`, `Admin_Id`, `User_Id` ) VALUES ( 1, 'npbt68@gmail.com', 901, 0, 45935, 8.825841, '2008-07-01', 350, 108 );
INSERT INTO fitlifehub.activity_tracker ( `Activity_id`, `Activity_type`, `Calories_burnt`, `Hours`, `Step_counts`, `Distance_covered`, `date`, `Admin_Id`, `User_Id` ) VALUES ( 2, 'farm4@gmail.com', 496, 0, 45930, 48.890453, '2013-05-01', 388, 65 );
INSERT INTO fitlifehub.activity_tracker ( `Activity_id`, `Activity_type`, `Calories_burnt`, `Hours`, `Step_counts`, `Distance_covered`, `date`, `Admin_Id`, `User_Id` ) VALUES ( 3, 'gzpy238@gmail.com', 985, 2, 33977, 46.18372, '2004-10-17', 365, 1 );
INSERT INTO fitlifehub.activity_tracker ( `Activity_id`, `Activity_type`, `Calories_burnt`, `Hours`, `Step_counts`, `Distance_covered`, `date`, `Admin_Id`, `User_Id` ) VALUES ( 4, 'majgud@gmail.com', 857, 0, 3919, 44.85984, '2017-11-23', 138, 21 );
INSERT INTO fitlifehub.activity_tracker ( `Activity_id`, `Activity_type`, `Calories_burnt`, `Hours`, `Step_counts`, `Distance_covered`, `date`, `Admin_Id`, `User_Id` ) VALUES ( 5, 'liqj8@gmail.com', 987, 1, 1240, 69.77123, '2017-07-23', 243, 13 );
INSERT INTO fitlifehub.activity_tracker ( `Activity_id`, `Activity_type`, `Calories_burnt`, `Hours`, `Step_counts`, `Distance_covered`, `date`, `Admin_Id`, `User_Id` ) VALUES ( 6, 'hcphn.hqje@gmail.com', 228, 2, 34962, 27.776731, '2002-08-24', 454, 88 );
INSERT INTO fitlifehub.activity_tracker ( `Activity_id`, `Activity_type`, `Calories_burnt`, `Hours`, `Step_counts`, `Distance_covered`, `date`, `Admin_Id`, `User_Id` ) VALUES ( 7, 'vlih@gmail.com', 74, 0, 40246, 75.996086, '2004-08-13', 385, 49 );
INSERT INTO fitlifehub.activity_tracker ( `Activity_id`, `Activity_type`, `Calories_burnt`, `Hours`, `Step_counts`, `Distance_covered`, `date`, `Admin_Id`, `User_Id` ) VALUES ( 8, 'swvtf872@gmail.com', 743, 2, 7561, 21.92445, '2007-10-10', 372, 61 );
INSERT INTO fitlifehub.activity_tracker ( `Activity_id`, `Activity_type`, `Calories_burnt`, `Hours`, `Step_counts`, `Distance_covered`, `date`, `Admin_Id`, `User_Id` ) VALUES ( 9, 'vtjo@gmail.com', 949, 2, 46229, 92.041405, '2014-09-20', 303, 22 );
INSERT INTO fitlifehub.dietician ( `Counsellor_Id`, `SSN`, `Phone_Number`, `Name`, `EmailId`, `Specialization` ) VALUES ( 1656381981, '139-08-1041', '308-845-2517', 'Stephen Cisneros', 'xufh.vuho@gmail.com', 'Research dietitians' );
INSERT INTO fitlifehub.dietician ( `Counsellor_Id`, `SSN`, `Phone_Number`, `Name`, `EmailId`, `Specialization` ) VALUES ( 1834997217, '186-37-6538', '329-637-1526', 'Abraham Blackburn', 'pskm@gmail.com', 'Clinical dietitians' );
INSERT INTO fitlifehub.dietician ( `Counsellor_Id`, `SSN`, `Phone_Number`, `Name`, `EmailId`, `Specialization` ) VALUES ( 276804523, '527-74-1647', '660-705-7187', 'Charlotte Byrd', 'wdnl@gmail.com', 'Clinical dietitians' );
INSERT INTO fitlifehub.dietician ( `Counsellor_Id`, `SSN`, `Phone_Number`, `Name`, `EmailId`, `Specialization` ) VALUES ( 1342491592, '786-46-3356', '701-353-3725', 'Lynn Miles', 'pazii8@gmail.com', 'Consultant dietitians' );
INSERT INTO fitlifehub.dietician ( `Counsellor_Id`, `SSN`, `Phone_Number`, `Name`, `EmailId`, `Specialization` ) VALUES ( 1505469655, '668-12-8727', '854-774-2282', 'Erich Ingram', 'cmrui34@gmail.com', 'Sports dietitians' );
INSERT INTO fitlifehub.dietician ( `Counsellor_Id`, `SSN`, `Phone_Number`, `Name`, `EmailId`, `Specialization` ) VALUES ( 467228902, '441-28-9532', '368-277-6644', 'Dominick Neal', 'kicqtx6@gmail.com', 'Sports dietitians' );
INSERT INTO fitlifehub.dietician ( `Counsellor_Id`, `SSN`, `Phone_Number`, `Name`, `EmailId`, `Specialization` ) VALUES ( 1131078422, '987-43-1525', '596-590-8479', 'Cherie White', 'monlt963@gmail.com', 'Consultant dietitians' );
INSERT INTO fitlifehub.dietician ( `Counsellor_Id`, `SSN`, `Phone_Number`, `Name`, `EmailId`, `Specialization` ) VALUES ( 20773677, '607-50-4844', '884-908-8137', 'Ebony Daniels', 'rcff@gmail.com', 'Food service dietitians' );
INSERT INTO fitlifehub.dietician ( `Counsellor_Id`, `SSN`, `Phone_Number`, `Name`, `EmailId`, `Specialization` ) VALUES ( 1315507904, '711-23-6866', '459-893-7727', 'Arthur Barrera', 'ucyp@gmail.com', 'Sports dietitians' );
INSERT INTO fitlifehub.dietician ( `Counsellor_Id`, `SSN`, `Phone_Number`, `Name`, `EmailId`, `Specialization` ) VALUES ( 1755132095, '175-83-4242', '601-244-5989', 'Debra Middleton', 'lhynil.ekdhngu@gmail.com', 'Business dietitians' );
INSERT INTO fitlifehub.doctors ( `Counsellor_Id`, `SSN`, `Phone_Number`, `Name`, `EmailId`, `Specialization` ) VALUES ( 1656381981, '139-08-1041', '308-845-2517', 'Stephen Cisneros', 'xufh.vuho@gmail.com', 'Physician executive' );
INSERT INTO fitlifehub.doctors ( `Counsellor_Id`, `SSN`, `Phone_Number`, `Name`, `EmailId`, `Specialization` ) VALUES ( 1834997217, '186-37-6538', '329-637-1526', 'Abraham Blackburn', 'pskm@gmail.com', 'Psychiatrist' );
INSERT INTO fitlifehub.doctors ( `Counsellor_Id`, `SSN`, `Phone_Number`, `Name`, `EmailId`, `Specialization` ) VALUES ( 276804523, '527-74-1647', '660-705-7187', 'Charlotte Byrd', 'wdnl@gmail.com', 'General Physician' );
INSERT INTO fitlifehub.doctors ( `Counsellor_Id`, `SSN`, `Phone_Number`, `Name`, `EmailId`, `Specialization` ) VALUES ( 1342491592, '786-46-3356', '701-353-3725', 'Lynn Miles', 'pazii8@gmail.com', 'Orthopedist' );
INSERT INTO fitlifehub.doctors ( `Counsellor_Id`, `SSN`, `Phone_Number`, `Name`, `EmailId`, `Specialization` ) VALUES ( 1505469655, '668-12-8727', '854-774-2282', 'Erich Ingram', 'cmrui34@gmail.com', 'Orthopedist' );
INSERT INTO fitlifehub.doctors ( `Counsellor_Id`, `SSN`, `Phone_Number`, `Name`, `EmailId`, `Specialization` ) VALUES ( 467228902, '441-28-9532', '368-277-6644', 'Dominick Neal', 'kicqtx6@gmail.com', 'General Physician' );
INSERT INTO fitlifehub.doctors ( `Counsellor_Id`, `SSN`, `Phone_Number`, `Name`, `EmailId`, `Specialization` ) VALUES ( 1131078422, '987-43-1525', '596-590-8479', 'Cherie White', 'monlt963@gmail.com', 'Orthopedist' );
INSERT INTO fitlifehub.doctors ( `Counsellor_Id`, `SSN`, `Phone_Number`, `Name`, `EmailId`, `Specialization` ) VALUES ( 20773677, '607-50-4844', '884-908-8137', 'Ebony Daniels', 'rcff@gmail.com', 'Physician executive' );
INSERT INTO fitlifehub.doctors ( `Counsellor_Id`, `SSN`, `Phone_Number`, `Name`, `EmailId`, `Specialization` ) VALUES ( 1315507904, '711-23-6866', '459-893-7727', 'Arthur Barrera', 'ucyp@gmail.com', 'Orthopedist' );
INSERT INTO fitlifehub.doctors ( `Counsellor_Id`, `SSN`, `Phone_Number`, `Name`, `EmailId`, `Specialization` ) VALUES ( 1755132095, '175-83-4242', '601-244-5989', 'Debra Middleton', 'lhynil.ekdhngu@gmail.com', 'Orthopedist' );
INSERT INTO fitlifehub.general_user ( `User_Id`, `User_Name`, `User_DOB`, `User_phoneNo`, `User_mailId`, `User_Password`, `User_LoginId`, `BMI` ) VALUES ( 80, 'Abel', '1990-03-20', '575-831-1865', 'xufh.vuho@gmail.com', 'epyvltjv', 'Jeanine', 28.267475 );
INSERT INTO fitlifehub.general_user ( `User_Id`, `User_Name`, `User_DOB`, `User_phoneNo`, `User_mailId`, `User_Password`, `User_LoginId`, `BMI` ) VALUES ( 91, 'Erick5', '1966-02-19', '014-474-8711', 'pskm@gmail.com', 'xwgw', 'Tabatha', 28.72924 );
INSERT INTO fitlifehub.general_user ( `User_Id`, `User_Name`, `User_DOB`, `User_phoneNo`, `User_mailId`, `User_Password`, `User_LoginId`, `BMI` ) VALUES ( 25, 'Janice11', '1999-08-01', '353-114-4212', 'wdnl@gmail.com', 'iqrfr', 'Clinton', 18.707743 );
INSERT INTO fitlifehub.general_user ( `User_Id`, `User_Name`, `User_DOB`, `User_phoneNo`, `User_mailId`, `User_Password`, `User_LoginId`, `BMI` ) VALUES ( 66, 'Gretchen2', '1950-03-25', '243-556-3888', 'pazii8@gmail.com', 'pncbr4', 'Casey', 32.431927 );
INSERT INTO fitlifehub.general_user ( `User_Id`, `User_Name`, `User_DOB`, `User_phoneNo`, `User_mailId`, `User_Password`, `User_LoginId`, `BMI` ) VALUES ( 69, 'Lawanda', '1977-04-29', '817-220-5362', 'cmrui34@gmail.com', 'smdpq', 'Alexis', 27.70443 );
INSERT INTO fitlifehub.general_user ( `User_Id`, `User_Name`, `User_DOB`, `User_phoneNo`, `User_mailId`, `User_Password`, `User_LoginId`, `BMI` ) VALUES ( 33, 'Robbie7', '1997-01-03', '221-391-6541', 'kicqtx6@gmail.com', 'bfgbr586', 'Orlando', 18.797869 );
INSERT INTO fitlifehub.general_user ( `User_Id`, `User_Name`, `User_DOB`, `User_phoneNo`, `User_mailId`, `User_Password`, `User_LoginId`, `BMI` ) VALUES ( 60, 'Carla401', '2004-03-23', '303-938-7141', 'monlt963@gmail.com', 'qhsz4', 'Autumn', 13.018401 );
INSERT INTO fitlifehub.general_user ( `User_Id`, `User_Name`, `User_DOB`, `User_phoneNo`, `User_mailId`, `User_Password`, `User_LoginId`, `BMI` ) VALUES ( 11, 'Heath', '1951-10-31', '746-761-7723', 'rcff@gmail.com', 'tuix0', 'Kendall', 31.247828 );
INSERT INTO fitlifehub.general_user ( `User_Id`, `User_Name`, `User_DOB`, `User_phoneNo`, `User_mailId`, `User_Password`, `User_LoginId`, `BMI` ) VALUES ( 65, 'Kendra278', '1997-02-21', '387-172-3341', 'ucyp@gmail.com', 'bfwe8', 'Brad', 12.080493 );
INSERT INTO fitlifehub.general_user ( `User_Id`, `User_Name`, `User_DOB`, `User_phoneNo`, `User_mailId`, `User_Password`, `User_LoginId`, `BMI` ) VALUES ( 85, 'Brandie6', '2000-10-09', '556-421-4671', 'lhynil.ekdhngu@gmail.com', 'crlk0', 'Sharon', 33.2187 );
INSERT INTO fitlifehub.goal_setting ( `Setting_Id`, `Desired_BMI`, `User_Id` ) VALUES ( 0, 27.308783, 80 );
INSERT INTO fitlifehub.goal_setting ( `Setting_Id`, `Desired_BMI`, `User_Id` ) VALUES ( 1, 24.100807, 31 );
INSERT INTO fitlifehub.goal_setting ( `Setting_Id`, `Desired_BMI`, `User_Id` ) VALUES ( 2, 22.077148, 99 );
INSERT INTO fitlifehub.goal_setting ( `Setting_Id`, `Desired_BMI`, `User_Id` ) VALUES ( 3, 23.327171, 0 );
INSERT INTO fitlifehub.goal_setting ( `Setting_Id`, `Desired_BMI`, `User_Id` ) VALUES ( 4, 29.677559, 54 );
INSERT INTO fitlifehub.goal_setting ( `Setting_Id`, `Desired_BMI`, `User_Id` ) VALUES ( 5, 20.061172, 93 );
INSERT INTO fitlifehub.goal_setting ( `Setting_Id`, `Desired_BMI`, `User_Id` ) VALUES ( 6, 29.637049, 108 );
INSERT INTO fitlifehub.goal_setting ( `Setting_Id`, `Desired_BMI`, `User_Id` ) VALUES ( 7, 29.398653, 3 );
INSERT INTO fitlifehub.goal_setting ( `Setting_Id`, `Desired_BMI`, `User_Id` ) VALUES ( 8, 29.471949, 94 );
INSERT INTO fitlifehub.goal_setting ( `Setting_Id`, `Desired_BMI`, `User_Id` ) VALUES ( 9, 29.370821, 101 );
INSERT INTO fitlifehub.nutrition_tracker ( `Tracking_Id`, `Intake_time`, `User_Id`, `Admin_id` ) VALUES ( 0, '2016-10-23 03.35.02 am', 80, 383 );
INSERT INTO fitlifehub.nutrition_tracker ( `Tracking_Id`, `Intake_time`, `User_Id`, `Admin_id` ) VALUES ( 1, '2002-04-24 02.48.03 am', 31, 273 );
INSERT INTO fitlifehub.nutrition_tracker ( `Tracking_Id`, `Intake_time`, `User_Id`, `Admin_id` ) VALUES ( 2, '2009-06-07 03.07.44 am', 99, 492 );
INSERT INTO fitlifehub.nutrition_tracker ( `Tracking_Id`, `Intake_time`, `User_Id`, `Admin_id` ) VALUES ( 3, '2009-05-15 10.37.51 pm', 0, 424 );
INSERT INTO fitlifehub.nutrition_tracker ( `Tracking_Id`, `Intake_time`, `User_Id`, `Admin_id` ) VALUES ( 4, '2004-10-11 01.17.21 am', 54, 192 );
INSERT INTO fitlifehub.nutrition_tracker ( `Tracking_Id`, `Intake_time`, `User_Id`, `Admin_id` ) VALUES ( 5, '2000-10-31 09.54.46 am', 93, 304 );
INSERT INTO fitlifehub.nutrition_tracker ( `Tracking_Id`, `Intake_time`, `User_Id`, `Admin_id` ) VALUES ( 6, '2007-08-27 04.43.57 am', 108, 393 );
INSERT INTO fitlifehub.nutrition_tracker ( `Tracking_Id`, `Intake_time`, `User_Id`, `Admin_id` ) VALUES ( 7, '2015-02-26 03.26.17 am', 3, 303 );
INSERT INTO fitlifehub.nutrition_tracker ( `Tracking_Id`, `Intake_time`, `User_Id`, `Admin_id` ) VALUES ( 8, '2022-04-05 03.48.30 am', 94, 52 );
INSERT INTO fitlifehub.nutrition_tracker ( `Tracking_Id`, `Intake_time`, `User_Id`, `Admin_id` ) VALUES ( 9, '2016-05-06 11.09.52 pm', 101, 429 );
INSERT INTO fitlifehub.social_connect ( `Social_page_Id`, `User_Id` ) VALUES ( 0, 80 );
INSERT INTO fitlifehub.social_connect ( `Social_page_Id`, `User_Id` ) VALUES ( 1, 10 );
INSERT INTO fitlifehub.social_connect ( `Social_page_Id`, `User_Id` ) VALUES ( 2, 44 );
INSERT INTO fitlifehub.social_connect ( `Social_page_Id`, `User_Id` ) VALUES ( 3, 44 );
INSERT INTO fitlifehub.social_connect ( `Social_page_Id`, `User_Id` ) VALUES ( 4, 22 );
INSERT INTO fitlifehub.social_connect ( `Social_page_Id`, `User_Id` ) VALUES ( 5, 4 );
INSERT INTO fitlifehub.social_connect ( `Social_page_Id`, `User_Id` ) VALUES ( 6, 35 );
INSERT INTO fitlifehub.social_connect ( `Social_page_Id`, `User_Id` ) VALUES ( 7, 72 );
INSERT INTO fitlifehub.social_connect ( `Social_page_Id`, `User_Id` ) VALUES ( 8, 106 );
INSERT INTO fitlifehub.social_connect ( `Social_page_Id`, `User_Id` ) VALUES ( 9, 77 );
INSERT INTO fitlifehub.exercise ( `Activity_id`, `Activity_type`, `Calories_burnt`, `Hours`, `Step_counts`, `date` ) VALUES ( 50, 'Lower body workout', 365, 2, 36530, '2016-10-20' );
INSERT INTO fitlifehub.exercise ( `Activity_id`, `Activity_type`, `Calories_burnt`, `Hours`, `Step_counts`, `date` ) VALUES ( 123, 'Full body workout', 450, 0, 45935, '2004-01-23' );
INSERT INTO fitlifehub.exercise ( `Activity_id`, `Activity_type`, `Calories_burnt`, `Hours`, `Step_counts`, `date` ) VALUES ( 90, 'Lower body workout', 248, 0, 45930, '2002-01-11' );
INSERT INTO fitlifehub.exercise ( `Activity_id`, `Activity_type`, `Calories_burnt`, `Hours`, `Step_counts`, `date` ) VALUES ( 70, 'Full body workout', 492, 2, 33977, '2014-01-26' );
INSERT INTO fitlifehub.exercise ( `Activity_id`, `Activity_type`, `Calories_burnt`, `Hours`, `Step_counts`, `date` ) VALUES ( 63, 'Lower body workout', 428, 0, 3919, '2011-03-31' );
INSERT INTO fitlifehub.exercise ( `Activity_id`, `Activity_type`, `Calories_burnt`, `Hours`, `Step_counts`, `date` ) VALUES ( 77, 'Upper body workout', 493, 1, 1240, '2021-09-25' );
INSERT INTO fitlifehub.exercise ( `Activity_id`, `Activity_type`, `Calories_burnt`, `Hours`, `Step_counts`, `date` ) VALUES ( 94, 'Full body workout', 114, 2, 34962, '2010-08-15' );
INSERT INTO fitlifehub.exercise ( `Activity_id`, `Activity_type`, `Calories_burnt`, `Hours`, `Step_counts`, `date` ) VALUES ( 85, 'Lower body workout', 37, 0, 40246, '2019-01-02' );
INSERT INTO fitlifehub.exercise ( `Activity_id`, `Activity_type`, `Calories_burnt`, `Hours`, `Step_counts`, `date` ) VALUES ( 68, 'Cardio workout', 371, 2, 7561, '2010-04-26' );
INSERT INTO fitlifehub.exercise ( `Activity_id`, `Activity_type`, `Calories_burnt`, `Hours`, `Step_counts`, `date` ) VALUES ( 53, 'Lower body workout', 474, 2, 46229, '2009-10-31' );
INSERT INTO fitlifehub.premium_user ( `User_Id`, `User_Name`, `User_DOB`, `User_phoneNo`, `User_mailId`, `User_Password`, `User_LoginId`, `BMI`, `Counsellor_Id`, `Admin_Id`, `SSN` ) VALUES ( 80, 'Abel', '1990-03-20', '575-831-1865', 'xufh.vuho@gmail.com', 'epyvltjv', 'Jeanine', 33.267475, 1656381981, 192, '735-43-0164' );
INSERT INTO fitlifehub.premium_user ( `User_Id`, `User_Name`, `User_DOB`, `User_phoneNo`, `User_mailId`, `User_Password`, `User_LoginId`, `BMI`, `Counsellor_Id`, `Admin_Id`, `SSN` ) VALUES ( 91, 'Erick5', '1966-02-19', '014-474-8711', 'pskm@gmail.com', 'xwgw', 'Tabatha', 33.72924, 2130181329, 108, '711-23-6866' );
INSERT INTO fitlifehub.premium_user ( `User_Id`, `User_Name`, `User_DOB`, `User_phoneNo`, `User_mailId`, `User_Password`, `User_LoginId`, `BMI`, `Counsellor_Id`, `Admin_Id`, `SSN` ) VALUES ( 25, 'Janice11', '1999-08-01', '353-114-4212', 'wdnl@gmail.com', 'iqrfr', 'Clinton', 23.707743, 1315507904, 205, '668-12-8727' );
INSERT INTO fitlifehub.premium_user ( `User_Id`, `User_Name`, `User_DOB`, `User_phoneNo`, `User_mailId`, `User_Password`, `User_LoginId`, `BMI`, `Counsellor_Id`, `Admin_Id`, `SSN` ) VALUES ( 66, 'Gretchen2', '1950-03-25', '243-556-3888', 'pazii8@gmail.com', 'pncbr4', 'Casey', 37.431927, 516548019, 424, '607-50-4844' );
INSERT INTO fitlifehub.premium_user ( `User_Id`, `User_Name`, `User_DOB`, `User_phoneNo`, `User_mailId`, `User_Password`, `User_LoginId`, `BMI`, `Counsellor_Id`, `Admin_Id`, `SSN` ) VALUES ( 69, 'Lawanda', '1977-04-29', '817-220-5362', 'cmrui34@gmail.com', 'smdpq', 'Alexis', 32.70443, 153541461, 205, '186-37-6538' );
INSERT INTO fitlifehub.premium_user ( `User_Id`, `User_Name`, `User_DOB`, `User_phoneNo`, `User_mailId`, `User_Password`, `User_LoginId`, `BMI`, `Counsellor_Id`, `Admin_Id`, `SSN` ) VALUES ( 33, 'Robbie7', '1997-01-03', '221-391-6541', 'kicqtx6@gmail.com', 'bfgbr586', 'Orlando', 23.797869, 21851622, 441, '715-34-2687' );
INSERT INTO fitlifehub.premium_user ( `User_Id`, `User_Name`, `User_DOB`, `User_phoneNo`, `User_mailId`, `User_Password`, `User_LoginId`, `BMI`, `Counsellor_Id`, `Admin_Id`, `SSN` ) VALUES ( 60, 'Carla401', '2004-03-23', '303-938-7141', 'monlt963@gmail.com', 'qhsz4', 'Autumn', 18.018402, 1826030073, 35, '668-12-8727' );
INSERT INTO fitlifehub.premium_user ( `User_Id`, `User_Name`, `User_DOB`, `User_phoneNo`, `User_mailId`, `User_Password`, `User_LoginId`, `BMI`, `Counsellor_Id`, `Admin_Id`, `SSN` ) VALUES ( 11, 'Heath', '1951-10-31', '746-761-7723', 'rcff@gmail.com', 'tuix0', 'Kendall', 36.247826, 947956777, 495, '987-43-1525' );
INSERT INTO fitlifehub.premium_user ( `User_Id`, `User_Name`, `User_DOB`, `User_phoneNo`, `User_mailId`, `User_Password`, `User_LoginId`, `BMI`, `Counsellor_Id`, `Admin_Id`, `SSN` ) VALUES ( 65, 'Kendra278', '1997-02-21', '387-172-3341', 'ucyp@gmail.com', 'bfwe8', 'Brad', 17.080492, 1141620681, 485, '720-13-2317' );
INSERT INTO fitlifehub.premium_user ( `User_Id`, `User_Name`, `User_DOB`, `User_phoneNo`, `User_mailId`, `User_Password`, `User_LoginId`, `BMI`, `Counsellor_Id`, `Admin_Id`, `SSN` ) VALUES ( 85, 'Brandie6', '2000-10-09', '556-421-4671', 'lhynil.ekdhngu@gmail.com', 'crlk0', 'Sharon', 38.2187, 178375141, 64, '987-43-1525' );
INSERT INTO fitlifehub.water_intake ( `Tracking_Id`, `Intake_time`, `Litres` ) VALUES ( 144, '2018-12-18 11.33.06 am', 4 );
INSERT INTO fitlifehub.water_intake ( `Tracking_Id`, `Intake_time`, `Litres` ) VALUES ( 73, '2009-07-04 12.49.11 pm', 5 );
INSERT INTO fitlifehub.water_intake ( `Tracking_Id`, `Intake_time`, `Litres` ) VALUES ( 39, '2014-02-24 07.59.08 pm', 2 );
INSERT INTO fitlifehub.water_intake ( `Tracking_Id`, `Intake_time`, `Litres` ) VALUES ( 43, '2014-02-10 08.41.58 am', 5 );
INSERT INTO fitlifehub.water_intake ( `Tracking_Id`, `Intake_time`, `Litres` ) VALUES ( 49, '2011-02-12 01.39.50 am', 5 );
INSERT INTO fitlifehub.water_intake ( `Tracking_Id`, `Intake_time`, `Litres` ) VALUES ( 56, '2008-07-17 01.48.04 pm', 5 );
INSERT INTO fitlifehub.water_intake ( `Tracking_Id`, `Intake_time`, `Litres` ) VALUES ( 158, '2012-12-27 10.57.18 pm', 1 );
INSERT INTO fitlifehub.water_intake ( `Tracking_Id`, `Intake_time`, `Litres` ) VALUES ( 38, '2017-11-18 10.24.03 pm', 0 );
INSERT INTO fitlifehub.water_intake ( `Tracking_Id`, `Intake_time`, `Litres` ) VALUES ( 95, '2022-07-08 09.01.14 am', 4 );
INSERT INTO fitlifehub.water_intake ( `Tracking_Id`, `Intake_time`, `Litres` ) VALUES ( 71, '2018-08-30 04.24.54 am', 5 );
INSERT INTO fitlifehub.activities ( `Activity_id`, `Activity_type`, `Calories_burnt`, `Hours`, `Step_counts`, `Distance_covered`, `date` ) VALUES ( 50, 'Jogging', 365, 4, 36530, 14.610397, '2014-08-13' );
INSERT INTO fitlifehub.activities ( `Activity_id`, `Activity_type`, `Calories_burnt`, `Hours`, `Step_counts`, `Distance_covered`, `date` ) VALUES ( 123, 'Cycling', 450, 1, 45935, 1.7651682, '2007-05-23' );
INSERT INTO fitlifehub.activities ( `Activity_id`, `Activity_type`, `Calories_burnt`, `Hours`, `Step_counts`, `Distance_covered`, `date` ) VALUES ( 90, 'Swimming', 248, 1, 45930, 9.778091, '2011-08-05' );
INSERT INTO fitlifehub.activities ( `Activity_id`, `Activity_type`, `Calories_burnt`, `Hours`, `Step_counts`, `Distance_covered`, `date` ) VALUES ( 70, 'Swimming', 492, 4, 33977, 9.236744, '2004-03-03' );
INSERT INTO fitlifehub.activities ( `Activity_id`, `Activity_type`, `Calories_burnt`, `Hours`, `Step_counts`, `Distance_covered`, `date` ) VALUES ( 63, 'Jogging', 428, 2, 3919, 8.971968, '2015-07-24' );
INSERT INTO fitlifehub.activities ( `Activity_id`, `Activity_type`, `Calories_burnt`, `Hours`, `Step_counts`, `Distance_covered`, `date` ) VALUES ( 77, 'Walking', 493, 4, 1240, 13.9542465, '2015-04-08' );
INSERT INTO fitlifehub.activities ( `Activity_id`, `Activity_type`, `Calories_burnt`, `Hours`, `Step_counts`, `Distance_covered`, `date` ) VALUES ( 94, 'Jogging', 114, 5, 34962, 5.555346, '2002-04-20' );
INSERT INTO fitlifehub.activities ( `Activity_id`, `Activity_type`, `Calories_burnt`, `Hours`, `Step_counts`, `Distance_covered`, `date` ) VALUES ( 85, 'Walking', 37, 1, 40246, 15.199217, '2004-01-06' );
INSERT INTO fitlifehub.activities ( `Activity_id`, `Activity_type`, `Calories_burnt`, `Hours`, `Step_counts`, `Distance_covered`, `date` ) VALUES ( 68, 'Jogging', 371, 5, 7561, 4.38489, '2006-10-04' );
INSERT INTO fitlifehub.activities ( `Activity_id`, `Activity_type`, `Calories_burnt`, `Hours`, `Step_counts`, `Distance_covered`, `date` ) VALUES ( 53, 'Walking', 474, 5, 46229, 18.40828, '2012-10-18' );
INSERT INTO fitlifehub.daily_intake ( `Tracking_Id`, `Intake_time`, `Calories_taken`, `Macro_nutrients` ) VALUES ( 144, '2022-09-24 07.29.34 pm', 365, 'Proteins' );
INSERT INTO fitlifehub.daily_intake ( `Tracking_Id`, `Intake_time`, `Calories_taken`, `Macro_nutrients` ) VALUES ( 73, '2022-02-06 04.08.41 pm', 450, 'Proteins' );
INSERT INTO fitlifehub.daily_intake ( `Tracking_Id`, `Intake_time`, `Calories_taken`, `Macro_nutrients` ) VALUES ( 39, '2022-05-30 05.18.27 pm', 248, 'Minerals' );
INSERT INTO fitlifehub.daily_intake ( `Tracking_Id`, `Intake_time`, `Calories_taken`, `Macro_nutrients` ) VALUES ( 43, '2022-05-29 06.10.20 pm', 492, 'Fats' );
INSERT INTO fitlifehub.daily_intake ( `Tracking_Id`, `Intake_time`, `Calories_taken`, `Macro_nutrients` ) VALUES ( 49, '2022-03-17 08.34.54 pm', 428, 'Proteins' );
INSERT INTO fitlifehub.daily_intake ( `Tracking_Id`, `Intake_time`, `Calories_taken`, `Macro_nutrients` ) VALUES ( 56, '2022-01-14 05.25.17 am', 493, 'Vitamins' );
INSERT INTO fitlifehub.daily_intake ( `Tracking_Id`, `Intake_time`, `Calories_taken`, `Macro_nutrients` ) VALUES ( 158, '2022-05-02 11.36.03 am', 114, 'Proteins' );
INSERT INTO fitlifehub.daily_intake ( `Tracking_Id`, `Intake_time`, `Calories_taken`, `Macro_nutrients` ) VALUES ( 38, '2022-08-29 12.40.35 pm', 37, 'Minerals' );
INSERT INTO fitlifehub.daily_intake ( `Tracking_Id`, `Intake_time`, `Calories_taken`, `Macro_nutrients` ) VALUES ( 95, '2022-12-20 05.32.30 am', 371, 'Minerals' );
INSERT INTO fitlifehub.daily_intake ( `Tracking_Id`, `Intake_time`, `Calories_taken`, `Macro_nutrients` ) VALUES ( 71, '2022-09-17 11.04.45 am', 474, 'Minerals' );
